status,family,run,config_name,model,potential,N,K,param_dim,time_step_mode,dt,steps_done,steps_est,progress_pct,wall_hours,sec_per_step,eta_hours,min_dt,max_dt,path
done,bench_64core_10step,bench_64core_10step/n1_3_3,legacy_prb_3_3,legacy_prb,legacy_prb_cosine,1,16,48,fixed,0.002,10,10,100.0,0.0008752849208333332,0.3151025715,0.0,0.0019999999999999983,0.002,out/bench_64core_10step/n1_3_3/a8p000_K16_tmax0p020_VsER3p000_VlER3p000
done,bench_64core_10step,bench_64core_10step/n1_lohse,lohse_10_5,legacy_prb,legacy_prb_cosine,1,16,48,fixed,0.002,10,10,100.0,0.0008627111916666666,0.31057602900000003,0.0,0.0019999999999999983,0.002,out/bench_64core_10step/n1_lohse/a8p000_K16_tmax0p020_VsER5p000_VlER2p500
done,bench_64core_10step,bench_64core_10step/n2_lohse_free,lohse_n2_free,lohse_n2_free,lohse_n2_free_cosine,2,24,120,fixed,0.002,10,10,100.0,0.02371821094416667,8.5385559399,0.0,0.0019999999999999983,0.002,out/bench_64core_10step/n2_lohse_free/a8p000_K24_tmax0p020_VsER5p000_VlER2p500
done,bench_64core_10step,bench_64core_10step/n2_lohse_gauss,lohse_n2_gauss,lohse_n2_gauss,lohse_n2_gaussian_pair,2,24,192,fixed,0.002,10,10,100.0,0.0682539334038889,24.5714160254,0.0,0.0019999999999999983,0.002,out/bench_64core_10step/n2_lohse_gauss/a8p000_K24_tmax0p020_VsER5p000_VlER2p500
done,bench_legacy_prb_3_3_300step_8thread,bench_legacy_prb_3_3_300step_8thread,legacy_prb_3_3_300step_8thread_bench,legacy_prb_300step_bench,legacy_prb_cosine,1,16,48,fixed,0.002,300,300,100.0,0.0037209484902777775,0.044651381883333334,0.0,0.0019999999999995577,0.002,out/bench_legacy_prb_3_3_300step_8thread/a8p000_K16_tmax0p600_VsER3p000_VlER3p000
done,bench_vs3_n2_64core_10step,bench_vs3_n2_64core_10step/free,legacy_prb_3_3_n2_pathpad,legacy_prb_3_3_n2_pathpad,legacy_prb_3_3_n2_free_cosine,2,24,120,fixed,0.002,10,10,100.0,0.0016428113469444444,0.5914120849,0.0,0.0019999999999999983,0.002,out/bench_vs3_n2_64core_10step/free/a8p000_K24_tmax0p020_VsER3p000_VlER3p000
done,bench_vs3_n2_64core_10step,bench_vs3_n2_64core_10step/gauss,legacy_prb_3_3_n2_pathpad_gauss,legacy_prb_3_3_n2_pathpad_gauss,legacy_prb_3_3_n2_gaussian_pair,2,24,192,fixed,0.002,10,10,100.0,0.008872555748611111,3.1941200695,0.0,0.0019999999999999983,0.002,out/bench_vs3_n2_64core_10step/gauss/a8p000_K24_tmax0p020_VsER3p000_VlER3p000
done,bench_vs3_n2_parallel_k32,bench_vs3_n2_parallel_k32/local2/free,legacy_prb_3_3_n2_pathpad_K32_parallel_bench,legacy_prb_3_3_n2_pathpad_K32_parallel_bench,legacy_prb_3_3_n2_free_cosine,2,32,160,fixed,0.002,2,2,100.0,0.00035916109333333334,0.646489968,0.0,0.002,0.002,out/bench_vs3_n2_parallel_k32/local2/free/a8p000_K32_tmax0p004_VsER3p000_VlER3p000
done,bench_vs3_n2_parallel_k32,bench_vs3_n2_parallel_k32/local2/gauss,legacy_prb_3_3_n2_pathpad_K32_parallel_bench_gauss,legacy_prb_3_3_n2_pathpad_K32_parallel_bench_gauss,legacy_prb_3_3_n2_gaussian_pair,2,32,256,fixed,0.002,2,2,100.0,0.0008257525525000001,1.4863545945,0.0,0.002,0.002,out/bench_vs3_n2_parallel_k32/local2/gauss/a8p000_K32_tmax0p004_VsER3p000_VlER3p000
done,bench_vs3_n2_parallel_k32,bench_vs3_n2_parallel_k32/schemeC_omp16/free,legacy_prb_3_3_n2_pathpad_K32_parallel_bench,legacy_prb_3_3_n2_pathpad_K32_parallel_bench,legacy_prb_3_3_n2_free_cosine,2,32,160,fixed,0.002,20,20,100.0,0.001376840743888889,0.2478313339,0.0,0.001999999999999981,0.002,out/bench_vs3_n2_parallel_k32/schemeC_omp16/free/a8p000_K32_tmax0p040_VsER3p000_VlER3p000
done,bench_vs3_n2_parallel_k32,bench_vs3_n2_parallel_k32/schemeC_omp16/gauss,legacy_prb_3_3_n2_pathpad_K32_parallel_bench_gauss,legacy_prb_3_3_n2_pathpad_K32_parallel_bench_gauss,legacy_prb_3_3_n2_gaussian_pair,2,32,256,fixed,0.002,20,20,100.0,0.0029147121675000003,0.52464819015,0.0,0.001999999999999981,0.002,out/bench_vs3_n2_parallel_k32/schemeC_omp16/gauss/a8p000_K32_tmax0p040_VsER3p000_VlER3p000
done,bench_vs3_n2_parallel_k32,bench_vs3_n2_parallel_k32/schemeC_omp32/free,legacy_prb_3_3_n2_pathpad_K32_parallel_bench,legacy_prb_3_3_n2_pathpad_K32_parallel_bench,legacy_prb_3_3_n2_free_cosine,2,32,160,fixed,0.002,20,20,100.0,0.0016594407491666667,0.29869933485,0.0,0.001999999999999981,0.002,out/bench_vs3_n2_parallel_k32/schemeC_omp32/free/a8p000_K32_tmax0p040_VsER3p000_VlER3p000
done,bench_vs3_n2_parallel_k32,bench_vs3_n2_parallel_k32/schemeC_omp32/gauss,legacy_prb_3_3_n2_pathpad_K32_parallel_bench_gauss,legacy_prb_3_3_n2_pathpad_K32_parallel_bench_gauss,legacy_prb_3_3_n2_gaussian_pair,2,32,256,fixed,0.002,20,20,100.0,0.0031679239619444442,0.5702263131499999,0.0,0.001999999999999981,0.002,out/bench_vs3_n2_parallel_k32/schemeC_omp32/gauss/a8p000_K32_tmax0p040_VsER3p000_VlER3p000
done,bench_vs3_n2_parallel_k32,bench_vs3_n2_parallel_k32/schemeC_omp64/free,legacy_prb_3_3_n2_pathpad_K32_parallel_bench,legacy_prb_3_3_n2_pathpad_K32_parallel_bench,legacy_prb_3_3_n2_free_cosine,2,32,160,fixed,0.002,20,20,100.0,0.002114584186111111,0.3806251535,0.0,0.001999999999999981,0.002,out/bench_vs3_n2_parallel_k32/schemeC_omp64/free/a8p000_K32_tmax0p040_VsER3p000_VlER3p000
done,bench_vs3_n2_parallel_k32,bench_vs3_n2_parallel_k32/schemeC_omp64/gauss,legacy_prb_3_3_n2_pathpad_K32_parallel_bench_gauss,legacy_prb_3_3_n2_pathpad_K32_parallel_bench_gauss,legacy_prb_3_3_n2_gaussian_pair,2,32,256,fixed,0.002,20,20,100.0,0.003836620115833333,0.69059162085,0.0,0.001999999999999981,0.002,out/bench_vs3_n2_parallel_k32/schemeC_omp64/gauss/a8p000_K32_tmax0p040_VsER3p000_VlER3p000
done,bench_vs3_n2_parallel_k32,bench_vs3_n2_parallel_k32/schemeC_omp96/free,legacy_prb_3_3_n2_pathpad_K32_parallel_bench,legacy_prb_3_3_n2_pathpad_K32_parallel_bench,legacy_prb_3_3_n2_free_cosine,2,32,160,fixed,0.002,20,20,100.0,0.002480815092222222,0.4465467166,0.0,0.001999999999999981,0.002,out/bench_vs3_n2_parallel_k32/schemeC_omp96/free/a8p000_K32_tmax0p040_VsER3p000_VlER3p000
done,bench_vs3_n2_parallel_k32,bench_vs3_n2_parallel_k32/schemeC_omp96/gauss,legacy_prb_3_3_n2_pathpad_K32_parallel_bench_gauss,legacy_prb_3_3_n2_pathpad_K32_parallel_bench_gauss,legacy_prb_3_3_n2_gaussian_pair,2,32,256,fixed,0.002,20,20,100.0,0.0036628386516666662,0.6593109573,0.0,0.001999999999999981,0.002,out/bench_vs3_n2_parallel_k32/schemeC_omp96/gauss/a8p000_K32_tmax0p040_VsER3p000_VlER3p000
done,bench_vs3_n2_parallel_smoke,bench_vs3_n2_parallel_smoke/free,legacy_prb_3_3_n2_pathpad_parallel_smoke,legacy_prb_3_3_n2_pathpad_parallel_smoke,legacy_prb_3_3_n2_free_cosine,2,24,120,fixed,0.002,10,10,100.0,0.0003935867413888889,0.1416912269,0.0,0.0019999999999999983,0.002,out/bench_vs3_n2_parallel_smoke/free/a8p000_K24_tmax0p020_VsER3p000_VlER3p000
done,bench_vs3_n2_parallel_smoke,bench_vs3_n2_parallel_smoke/gauss,legacy_prb_3_3_n2_pathpad_parallel_smoke_gauss,legacy_prb_3_3_n2_pathpad_parallel_smoke_gauss,legacy_prb_3_3_n2_gaussian_pair,2,24,192,fixed,0.002,10,10,100.0,0.0008605522102777777,0.3097987957,0.0,0.0019999999999999983,0.002,out/bench_vs3_n2_parallel_smoke/gauss/a8p000_K24_tmax0p020_VsER3p000_VlER3p000
done,dtscan_lohse,dtscan_lohse/dt0p002,lohse_10_5,legacy_prb,legacy_prb_cosine,1,16,48,fixed,0.002,750,750,100.0,0.41512163686500003,1.9925838569520002,0.0,0.0019999999999988916,0.002,out/dtscan_lohse/dt0p002/a8p000_K16_tmax1p500_VsER5p000_VlER2p500
done,dtscan_lohse,dtscan_lohse/dt0p003,lohse_10_5,legacy_prb,legacy_prb_cosine,1,16,48,fixed,0.0030000000000000001,501,500,100.0,0.27031419195,1.9423774271856287,0.0,1.7319479184152442e-14,0.003,out/dtscan_lohse/dt0p003/a8p000_K16_tmax1p500_VsER5p000_VlER2p500
done,dtscan_lohse,dtscan_lohse/dt0p004,lohse_10_5,legacy_prb,legacy_prb_cosine,1,16,48,fixed,0.0040000000000000001,375,375,100.0,0.20025213990166665,1.922420543056,0.0,0.003999999999998893,0.004,out/dtscan_lohse/dt0p004/a8p000_K16_tmax1p500_VsER5p000_VlER2p500
done,dtscan_lohse,dtscan_lohse/dt0p005,lohse_10_5,legacy_prb,legacy_prb_cosine,1,16,48,fixed,0.0050000000000000001,301,300,100.0,0.15946324398055556,1.9072015891362128,0.0,9.992007221626409e-15,0.005,out/dtscan_lohse/dt0p005/a8p000_K16_tmax1p500_VsER5p000_VlER2p500
done,dtscan_lohse,dtscan_lohse/dt0p006,lohse_10_5,legacy_prb,legacy_prb_cosine,1,16,48,fixed,0.0060000000000000001,250,250,100.0,0.1368956312113889,1.971297089444,0.0,0.005999999999998895,0.006,out/dtscan_lohse/dt0p006/a8p000_K16_tmax1p500_VsER5p000_VlER2p500
done,dtscan_lohse,dtscan_lohse/dt0p007,lohse_10_5,legacy_prb,legacy_prb_cosine,1,16,48,fixed,0.0070000000000000001,215,215,100.0,0.12143186445611112,2.033277730427907,0.0,0.002000000000006663,0.007,out/dtscan_lohse/dt0p007/a8p000_K16_tmax1p500_VsER5p000_VlER2p500
done,dtscan_lohse,dtscan_lohse/dt0p008,lohse_10_5,legacy_prb,legacy_prb_cosine,1,16,48,fixed,0.0080000000000000002,188,188,100.0,0.09842287964888889,1.8846934400851063,0.0,0.003999999999998893,0.008,out/dtscan_lohse/dt0p008/a8p000_K16_tmax1p500_VsER5p000_VlER2p500
done,dtscan_lohse,dtscan_lohse/dt0p009,lohse_10_5,legacy_prb,legacy_prb_cosine,1,16,48,fixed,0.0089999999999999993,167,167,100.0,0.08977113390722222,1.9351861201556886,0.0,0.00600000000000489,0.009,out/dtscan_lohse/dt0p009/a8p000_K16_tmax1p500_VsER5p000_VlER2p500
done,dtscan_lohse,dtscan_lohse/dt0p010,lohse_10_5,legacy_prb,legacy_prb_cosine,1,16,48,fixed,0.01,150,150,100.0,0.08958656301694445,2.150077512406667,0.0,0.009999999999998899,0.01,out/dtscan_lohse/dt0p010/a8p000_K16_tmax1p500_VsER5p000_VlER2p500
done,pump_vs3pad_gapadaptive_T160pi,pump_vs3pad_gapadaptive_T160pi,,legacy_prb,legacy_prb_cosine,1,16,48,fixed,0.002,251328,251328,100.0,41.24154745754472,0.590740271068727,0.0,nan,nan,out/pump_vs3pad_gapadaptive_T160pi/a8p000_K16_tmax502p655_VsER3p000_VlER3p000
done,vs3_n2_dt0p01_T160pi,vs3_n2_dt0p01_T160pi/free,legacy_prb_3_3_n2_pathpad_dt0p01_free,legacy_prb_3_3_n2_pathpad_dt0p01_free,legacy_prb_3_3_n2_free_cosine,2,24,120,fixed,0.01,50266,50266,100.0,7.742786242594723,0.5545305071686827,0.0,0.00482457467904851,0.01,out/vs3_n2_dt0p01_T160pi/free/a8p000_K24_tmax502p655_VsER3p000_VlER3p000
progress,vs3_n2_dt0p01_T160pi,vs3_n2_dt0p01_T160pi/gauss,legacy_prb_3_3_n2_pathpad_dt0p01_gauss,legacy_prb_3_3_n2_pathpad_dt0p01_gauss,legacy_prb_3_3_n2_gaussian_pair,2,24,192,fixed,0.01,22225,50266,44.21477738431544,18.65451059993,3.0216530105623396,23.536158908105154,0.01,0.01,out/vs3_n2_dt0p01_T160pi/gauss/a8p000_K24_tmax502p655_VsER3p000_VlER3p000
progress,vs3_n2_dt0p01_T160pi_K32_sweep,vs3_n2_dt0p01_T160pi_K32_sweep/free,legacy_prb_3_3_n2_pathpad_K32_dt0p01_free,legacy_prb_3_3_n2_pathpad_K32_dt0p01_free,legacy_prb_3_3_n2_free_cosine,2,32,160,manual_fine_window,0.01,105975,140747,75.29467768407142,6.207410012581111,0.21086743142526065,2.0367450904219897,0.001,0.001,out/vs3_n2_dt0p01_T160pi_K32_sweep/free/a8p000_K32_tmax502p655_VsER3p000_VlER3p000
progress,vs3_n2_dt0p01_T160pi_K32_sweep,vs3_n2_dt0p01_T160pi_K32_sweep/gauss_sigma0p500,legacy_prb_3_3_n2_pathpad_K32_dt0p01_gauss_sigma0p500,legacy_prb_3_3_n2_pathpad_K32_dt0p01_gauss_sigma0p500,legacy_prb_3_3_n2_gaussian_pair,2,32,256,manual_fine_window,0.01,47775,140747,33.94388512721408,6.205933710581666,0.4676370770924961,12.076987314289875,0.001,0.001,out/vs3_n2_dt0p01_T160pi_K32_sweep/gauss_sigma0p500/a8p000_K32_tmax502p655_VsER3p000_VlER3p000
progress,vs3_n2_dt0p01_T160pi_K32_sweep,vs3_n2_dt0p01_T160pi_K32_sweep/gauss_sigma0p750,legacy_prb_3_3_n2_pathpad_K32_dt0p01_gauss_sigma0p750,legacy_prb_3_3_n2_pathpad_K32_dt0p01_gauss_sigma0p750,legacy_prb_3_3_n2_gaussian_pair,2,32,256,manual_fine_window,0.01,48175,140747,34.22808301420279,6.207865510880556,0.4638986162775299,11.928895196123195,0.001,0.001,out/vs3_n2_dt0p01_T160pi_K32_sweep/gauss_sigma0p750/a8p000_K32_tmax502p655_VsER3p000_VlER3p000
progress,vs3_n2_dt0p01_T160pi_K32_sweep,vs3_n2_dt0p01_T160pi_K32_sweep/gauss_sigma1p000,legacy_prb_3_3_n2_pathpad_K32_dt0p01_gauss_sigma1p000,legacy_prb_3_3_n2_pathpad_K32_dt0p01_gauss_sigma1p000,legacy_prb_3_3_n2_gaussian_pair,2,32,256,manual_fine_window,0.01,45900,140747,32.6117075319545,6.2075599735108336,0.4868674489028105,12.827199146134685,0.001,0.001,out/vs3_n2_dt0p01_T160pi_K32_sweep/gauss_sigma1p000/a8p000_K32_tmax502p655_VsER3p000_VlER3p000
progress,vs3_n2_dt0p01_T160pi_K32_sweep,vs3_n2_dt0p01_T160pi_K32_sweep/gauss_sigma1p250,legacy_prb_3_3_n2_pathpad_K32_dt0p01_gauss_sigma1p250,legacy_prb_3_3_n2_pathpad_K32_dt0p01_gauss_sigma1p250,legacy_prb_3_3_n2_gaussian_pair,2,32,256,manual_fine_window,0.01,47175,140747,33.51758829673101,6.205365860076944,0.4735414328834552,12.308394154936297,0.001,0.001,out/vs3_n2_dt0p01_T160pi_K32_sweep/gauss_sigma1p250/a8p000_K32_tmax502p655_VsER3p000_VlER3p000
progress,vs3_n2_dt0p01_T160pi_K32_sweep,vs3_n2_dt0p01_T160pi_K32_sweep/gauss_sigma1p500,legacy_prb_3_3_n2_pathpad_K32_dt0p01_gauss_sigma1p500,legacy_prb_3_3_n2_pathpad_K32_dt0p01_gauss_sigma1p500,legacy_prb_3_3_n2_gaussian_pair,2,32,256,manual_fine_window,0.01,45675,140747,32.45184622052335,6.205264289665833,0.48908487012144497,12.916187992273892,0.001,0.001,out/vs3_n2_dt0p01_T160pi_K32_sweep/gauss_sigma1p500/a8p000_K32_tmax502p655_VsER3p000_VlER3p000
progress,vs3_n2_dt0p01_T160pi_K32_sweep,vs3_n2_dt0p01_T160pi_K32_sweep/gauss_sigma2p000,legacy_prb_3_3_n2_pathpad_K32_dt0p01_gauss_sigma2p000,legacy_prb_3_3_n2_pathpad_K32_dt0p01_gauss_sigma2p000,legacy_prb_3_3_n2_gaussian_pair,2,32,256,manual_fine_window,0.01,33500,140747,23.801573035304482,6.199402783265278,0.6662044782016417,19.84678657602541,0.001,0.001,out/vs3_n2_dt0p01_T160pi_K32_sweep/gauss_sigma2p000/a8p000_K32_tmax502p655_VsER3p000_VlER3p000
progress,vs3_n2_dt0p01_T160pi_K32_sweep,vs3_n2_dt0p01_T160pi_K32_sweep/gauss_sigma3p000,legacy_prb_3_3_n2_pathpad_K32_dt0p01_gauss_sigma3p000,legacy_prb_3_3_n2_pathpad_K32_dt0p01_gauss_sigma3p000,legacy_prb_3_3_n2_gaussian_pair,2,32,256,manual_fine_window,0.01,47525,140747,33.766261447846134,6.200495568417778,0.4696850930311205,12.162495484040864,0.001,0.001,out/vs3_n2_dt0p01_T160pi_K32_sweep/gauss_sigma3p000/a8p000_K32_tmax502p655_VsER3p000_VlER3p000
progress,vs3_n2_dt0p01_T160pi_K32_sweep_fine20,vs3_n2_dt0p01_T160pi_K32_sweep_fine20/free,legacy_prb_3_3_n2_pathpad_K32_dt0p01_fine20_free,legacy_prb_3_3_n2_pathpad_K32_dt0p01_fine20_free,legacy_prb_3_3_n2_free_cosine,2,32,160,manual_fine_window,0.01,121150,241277,50.21199699929956,7.091257040005555,0.2107183272308708,7.031377915350783,0.01,0.01,out/vs3_n2_dt0p01_T160pi_K32_sweep_fine20/free/a8p000_K32_tmax502p655_VsER3p000_VlER3p000
progress,vs3_n2_dt0p01_T160pi_K32_sweep_fine20,vs3_n2_dt0p01_T160pi_K32_sweep_fine20/gauss_sigma0p500,legacy_prb_3_3_n2_pathpad_K32_dt0p01_fine20_gauss_sigma0p500,legacy_prb_3_3_n2_pathpad_K32_dt0p01_fine20_gauss_sigma0p500,legacy_prb_3_3_n2_gaussian_pair,2,32,256,manual_fine_window,0.01,50250,241277,20.82668468192161,7.091028255136111,0.5080139645470647,26.956773223758926,0.0005,0.0005,out/vs3_n2_dt0p01_T160pi_K32_sweep_fine20/gauss_sigma0p500/a8p000_K32_tmax502p655_VsER3p000_VlER3p000
progress,vs3_n2_dt0p01_T160pi_K32_sweep_fine20,vs3_n2_dt0p01_T160pi_K32_sweep_fine20/gauss_sigma0p750,legacy_prb_3_3_n2_pathpad_K32_dt0p01_fine20_gauss_sigma0p750,legacy_prb_3_3_n2_pathpad_K32_dt0p01_fine20_gauss_sigma0p750,legacy_prb_3_3_n2_gaussian_pair,2,32,256,manual_fine_window,0.01,54700,241277,22.671037852758445,7.084975971934723,0.46628726689149913,24.166244276337565,0.0005,0.0005,out/vs3_n2_dt0p01_T160pi_K32_sweep_fine20/gauss_sigma0p750/a8p000_K32_tmax502p655_VsER3p000_VlER3p000
progress,vs3_n2_dt0p01_T160pi_K32_sweep_fine20,vs3_n2_dt0p01_T160pi_K32_sweep_fine20/gauss_sigma1p000,legacy_prb_3_3_n2_pathpad_K32_dt0p01_fine20_gauss_sigma1p000,legacy_prb_3_3_n2_pathpad_K32_dt0p01_fine20_gauss_sigma1p000,legacy_prb_3_3_n2_gaussian_pair,2,32,256,manual_fine_window,0.01,56300,241277,23.3341760714863,7.086135754618056,0.4531099239187389,23.2819206657546,0.0005,0.0005,out/vs3_n2_dt0p01_T160pi_K32_sweep_fine20/gauss_sigma1p000/a8p000_K32_tmax502p655_VsER3p000_VlER3p000
progress,vs3_n2_dt0p01_T160pi_K32_sweep_fine20,vs3_n2_dt0p01_T160pi_K32_sweep_fine20/gauss_sigma1p250,legacy_prb_3_3_n2_pathpad_K32_dt0p01_fine20_gauss_sigma1p250,legacy_prb_3_3_n2_pathpad_K32_dt0p01_fine20_gauss_sigma1p250,legacy_prb_3_3_n2_gaussian_pair,2,32,256,manual_fine_window,0.01,40050,241277,16.59917853753155,7.074318776099166,0.6358938225707116,35.54416839845461,0.0005,0.0005,out/vs3_n2_dt0p01_T160pi_K32_sweep_fine20/gauss_sigma1p250/a8p000_K32_tmax502p655_VsER3p000_VlER3p000
progress,vs3_n2_dt0p01_T160pi_K32_sweep_fine20,vs3_n2_dt0p01_T160pi_K32_sweep_fine20/gauss_sigma1p500,legacy_prb_3_3_n2_pathpad_K32_dt0p01_fine20_gauss_sigma1p500,legacy_prb_3_3_n2_pathpad_K32_dt0p01_fine20_gauss_sigma1p500,legacy_prb_3_3_n2_gaussian_pair,2,32,256,manual_fine_window,0.01,39450,241277,16.350501705508606,7.072179317319722,0.6453699757249937,36.18141280295786,0.0005,0.0005,out/vs3_n2_dt0p01_T160pi_K32_sweep_fine20/gauss_sigma1p500/a8p000_K32_tmax502p655_VsER3p000_VlER3p000
progress,vs3_n2_dt0p01_T160pi_K32_sweep_fine20,vs3_n2_dt0p01_T160pi_K32_sweep_fine20/gauss_sigma2p000,legacy_prb_3_3_n2_pathpad_K32_dt0p01_fine20_gauss_sigma2p000,legacy_prb_3_3_n2_pathpad_K32_dt0p01_fine20_gauss_sigma2p000,legacy_prb_3_3_n2_gaussian_pair,2,32,256,manual_fine_window,0.01,50625,241277,20.98210770193595,7.073201296447222,0.5029832033029136,26.63743157669641,0.0005,0.0005,out/vs3_n2_dt0p01_T160pi_K32_sweep_fine20/gauss_sigma2p000/a8p000_K32_tmax502p655_VsER3p000_VlER3p000
progress,vs3_n2_dt0p01_T160pi_K32_sweep_fine20,vs3_n2_dt0p01_T160pi_K32_sweep_fine20/gauss_sigma3p000,legacy_prb_3_3_n2_pathpad_K32_dt0p01_fine20_gauss_sigma3p000,legacy_prb_3_3_n2_pathpad_K32_dt0p01_fine20_gauss_sigma3p000,legacy_prb_3_3_n2_gaussian_pair,2,32,256,manual_fine_window,0.01,51900,241277,21.510545969984708,7.073494058245,0.49064698669907514,25.810348444475206,0.0005,0.0005,out/vs3_n2_dt0p01_T160pi_K32_sweep_fine20/gauss_sigma3p000/a8p000_K32_tmax502p655_VsER3p000_VlER3p000
progress,vs3_n2_dt0p01_T160pi_K32_sweep_fine20_rcond1em5,vs3_n2_dt0p01_T160pi_K32_sweep_fine20_rcond1em5/free,legacy_prb_3_3_n2_pathpad_K32_dt0p01_fine20_rcond1em5_free,legacy_prb_3_3_n2_pathpad_K32_dt0p01_fine20_rcond1em5_free,legacy_prb_3_3_n2_free_cosine,2,32,160,manual_fine_window,0.01,1000,241277,0.4144613867049077,0.10958954684333333,0.394522368636,26.331847546875604,0.01,0.01,out/vs3_n2_dt0p01_T160pi_K32_sweep_fine20_rcond1em5/free/a8p000_K32_tmax502p655_VsER3p000_VlER3p000
progress,vs3_n2_dt0p01_T160pi_K32_sweep_fine20_rcond1em5,vs3_n2_dt0p01_T160pi_K32_sweep_fine20_rcond1em5/gauss_sigma1p000,legacy_prb_3_3_n2_pathpad_K32_dt0p01_fine20_rcond1em5_gauss_sigma1p000,legacy_prb_3_3_n2_pathpad_K32_dt0p01_fine20_rcond1em5_gauss_sigma1p000,legacy_prb_3_3_n2_gaussian_pair,2,32,256,manual_fine_window,0.01,500,241277,0.20723069335245384,0.07351089374277778,0.5292784349480001,35.39946492540962,0.01,0.01,out/vs3_n2_dt0p01_T160pi_K32_sweep_fine20_rcond1em5/gauss_sigma1p000/a8p000_K32_tmax502p655_VsER3p000_VlER3p000
progress,vs3_n2_dt0p01_T160pi_K32_sweep_fine20_rcond1em6,vs3_n2_dt0p01_T160pi_K32_sweep_fine20_rcond1em6/free,legacy_prb_3_3_n2_pathpad_K32_dt0p01_fine20_rcond1em6_free,legacy_prb_3_3_n2_pathpad_K32_dt0p01_fine20_rcond1em6_free,legacy_prb_3_3_n2_free_cosine,2,32,160,manual_fine_window,0.01,1250,241277,0.5180767333811345,0.09639662328638889,0.2776222750648,18.51023383804965,0.01,0.01,out/vs3_n2_dt0p01_T160pi_K32_sweep_fine20_rcond1em6/free/a8p000_K32_tmax502p655_VsER3p000_VlER3p000
progress,vs3_n2_dt0p01_T160pi_K32_sweep_fine20_rcond1em6,vs3_n2_dt0p01_T160pi_K32_sweep_fine20_rcond1em6/gauss_sigma1p000,legacy_prb_3_3_n2_pathpad_K32_dt0p01_fine20_rcond1em6_gauss_sigma1p000,legacy_prb_3_3_n2_pathpad_K32_dt0p01_fine20_rcond1em6_gauss_sigma1p000,legacy_prb_3_3_n2_gaussian_pair,2,32,256,manual_fine_window,0.01,500,241277,0.20723069335245384,0.09250545143444444,0.6660392503279999,44.54637016006246,0.01,0.01,out/vs3_n2_dt0p01_T160pi_K32_sweep_fine20_rcond1em6/gauss_sigma1p000/a8p000_K32_tmax502p655_VsER3p000_VlER3p000
progress,vs3_n2_dt0p01_T160pi_K32_sweep_fine5,vs3_n2_dt0p01_T160pi_K32_sweep_fine5/free,legacy_prb_3_3_n2_pathpad_K32_dt0p01_fine5_free,legacy_prb_3_3_n2_pathpad_K32_dt0p01_fine5_free,legacy_prb_3_3_n2_free_cosine,2,32,160,manual_fine_window,0.01,41900,90481,46.308064676561926,2.4436689925608333,0.20995724041095465,2.8333146378901635,0.01,0.01,out/vs3_n2_dt0p01_T160pi_K32_sweep_fine5/free/a8p000_K32_tmax502p655_VsER3p000_VlER3p000
progress,vs3_n2_dt0p01_T160pi_K32_sweep_fine5,vs3_n2_dt0p01_T160pi_K32_sweep_fine5/gauss_sigma0p500,legacy_prb_3_3_n2_pathpad_K32_dt0p01_fine5_gauss_sigma0p500,legacy_prb_3_3_n2_pathpad_K32_dt0p01_fine5_gauss_sigma0p500,legacy_prb_3_3_n2_gaussian_pair,2,32,256,manual_fine_window,0.01,22400,90481,24.756578729235972,2.8566381945244443,0.45910256697714286,8.682267183991907,0.002,0.002,out/vs3_n2_dt0p01_T160pi_K32_sweep_fine5/gauss_sigma0p500/a8p000_K32_tmax502p655_VsER3p000_VlER3p000
progress,vs3_n2_dt0p01_T160pi_K32_sweep_fine5,vs3_n2_dt0p01_T160pi_K32_sweep_fine5/gauss_sigma0p750,legacy_prb_3_3_n2_pathpad_K32_dt0p01_fine5_gauss_sigma0p750,legacy_prb_3_3_n2_pathpad_K32_dt0p01_fine5_gauss_sigma0p750,legacy_prb_3_3_n2_gaussian_pair,2,32,256,manual_fine_window,0.01,22425,90481,24.784208839424853,2.8557245513075,0.45844407512628765,8.66663054910962,0.002,0.002,out/vs3_n2_dt0p01_T160pi_K32_sweep_fine5/gauss_sigma0p750/a8p000_K32_tmax502p655_VsER3p000_VlER3p000
progress,vs3_n2_dt0p01_T160pi_K32_sweep_fine5,vs3_n2_dt0p01_T160pi_K32_sweep_fine5/gauss_sigma1p000,legacy_prb_3_3_n2_pathpad_K32_dt0p01_fine5_gauss_sigma1p000,legacy_prb_3_3_n2_pathpad_K32_dt0p01_fine5_gauss_sigma1p000,legacy_prb_3_3_n2_gaussian_pair,2,32,256,manual_fine_window,0.01,23575,90481,26.055193908113306,2.855339039795,0.43602208030803813,8.103470362524888,0.002,0.002,out/vs3_n2_dt0p01_T160pi_K32_sweep_fine5/gauss_sigma1p000/a8p000_K32_tmax502p655_VsER3p000_VlER3p000
progress,vs3_n2_dt0p01_T160pi_K32_sweep_fine5,vs3_n2_dt0p01_T160pi_K32_sweep_fine5/gauss_sigma1p250,legacy_prb_3_3_n2_pathpad_K32_dt0p01_fine5_gauss_sigma1p250,legacy_prb_3_3_n2_pathpad_K32_dt0p01_fine5_gauss_sigma1p250,legacy_prb_3_3_n2_gaussian_pair,2,32,256,manual_fine_window,0.01,23375,90481,25.83415302660227,2.8548465190033334,0.43967689704436363,8.19582162584974,0.002,0.002,out/vs3_n2_dt0p01_T160pi_K32_sweep_fine5/gauss_sigma1p250/a8p000_K32_tmax502p655_VsER3p000_VlER3p000
progress,vs3_n2_dt0p01_T160pi_K32_sweep_fine5,vs3_n2_dt0p01_T160pi_K32_sweep_fine5/gauss_sigma1p500,legacy_prb_3_3_n2_pathpad_K32_dt0p01_fine5_gauss_sigma1p500,legacy_prb_3_3_n2_pathpad_K32_dt0p01_fine5_gauss_sigma1p500,legacy_prb_3_3_n2_gaussian_pair,2,32,256,manual_fine_window,0.01,23475,90481,25.944673467357788,2.8570890142775,0.4381478360553354,8.155148306312167,0.002,0.002,out/vs3_n2_dt0p01_T160pi_K32_sweep_fine5/gauss_sigma1p500/a8p000_K32_tmax502p655_VsER3p000_VlER3p000
progress,vs3_n2_dt0p01_T160pi_K32_sweep_fine5,vs3_n2_dt0p01_T160pi_K32_sweep_fine5/gauss_sigma2p000,legacy_prb_3_3_n2_pathpad_K32_dt0p01_fine5_gauss_sigma2p000,legacy_prb_3_3_n2_pathpad_K32_dt0p01_fine5_gauss_sigma2p000,legacy_prb_3_3_n2_gaussian_pair,2,32,256,manual_fine_window,0.01,22050,90481,24.36975718659166,2.844166953466667,0.4643537883210885,8.826720580166779,0.002,0.002,out/vs3_n2_dt0p01_T160pi_K32_sweep_fine5/gauss_sigma2p000/a8p000_K32_tmax502p655_VsER3p000_VlER3p000
progress,vs3_n2_dt0p01_T160pi_K32_sweep_fine5,vs3_n2_dt0p01_T160pi_K32_sweep_fine5/gauss_sigma3p000,legacy_prb_3_3_n2_pathpad_K32_dt0p01_fine5_gauss_sigma3p000,legacy_prb_3_3_n2_pathpad_K32_dt0p01_fine5_gauss_sigma3p000,legacy_prb_3_3_n2_gaussian_pair,2,32,256,manual_fine_window,0.01,22175,90481,24.50790773753606,2.8452832343699996,0.4619174585673957,8.764370534695702,0.002,0.002,out/vs3_n2_dt0p01_T160pi_K32_sweep_fine5/gauss_sigma3p000/a8p000_K32_tmax502p655_VsER3p000_VlER3p000
progress,vs3_n2_dt0p01_T160pi_K32_sweep_full20,vs3_n2_dt0p01_T160pi_K32_sweep_full20/free,legacy_prb_3_3_n2_pathpad_K32_dt0p0005_free,legacy_prb_3_3_n2_pathpad_K32_dt0p0005_free,legacy_prb_3_3_n2_free_cosine,2,32,160,fixed,0.00050000000000000001,29250,1005310,2.9095502879708746,3.092741896308889,0.3806451564687863,103.20347539525655,0.0005,0.0005,out/vs3_n2_dt0p01_T160pi_K32_sweep_full20/free/a8p000_K32_tmax502p655_VsER3p000_VlER3p000
progress,vs3_n2_dt0p01_T160pi_K32_sweep_full20,vs3_n2_dt0p01_T160pi_K32_sweep_full20/gauss_sigma0p500,legacy_prb_3_3_n2_pathpad_K32_dt0p0005_gauss_sigma0p500,legacy_prb_3_3_n2_pathpad_K32_dt0p0005_gauss_sigma0p500,legacy_prb_3_3_n2_gaussian_pair,2,32,256,fixed,0.00050000000000000001,19000,1005310,1.8899642896221067,3.089596201007222,0.5853971749276842,160.38419100081228,0.0005,0.0005,out/vs3_n2_dt0p01_T160pi_K32_sweep_full20/gauss_sigma0p500/a8p000_K32_tmax502p655_VsER3p000_VlER3p000
progress,vs3_n2_dt0p01_T160pi_K32_sweep_full20,vs3_n2_dt0p01_T160pi_K32_sweep_full20/gauss_sigma0p750,legacy_prb_3_3_n2_pathpad_K32_dt0p0005_gauss_sigma0p750,legacy_prb_3_3_n2_pathpad_K32_dt0p0005_gauss_sigma0p750,legacy_prb_3_3_n2_gaussian_pair,2,32,256,fixed,0.00050000000000000001,28500,1005310,2.83494643443316,3.062087124918611,0.3867899526212982,104.95008156111398,0.0005,0.0005,out/vs3_n2_dt0p01_T160pi_K32_sweep_full20/gauss_sigma0p750/a8p000_K32_tmax502p655_VsER3p000_VlER3p000
progress,vs3_n2_dt0p01_T160pi_K32_sweep_full20,vs3_n2_dt0p01_T160pi_K32_sweep_full20/gauss_sigma1p000,legacy_prb_3_3_n2_pathpad_K32_dt0p0005_gauss_sigma1p000,legacy_prb_3_3_n2_pathpad_K32_dt0p0005_gauss_sigma1p000,legacy_prb_3_3_n2_gaussian_pair,2,32,256,fixed,0.00050000000000000001,27250,1005310,2.7106066785369687,3.0658020262616668,0.40502338695566975,110.03810384607287,0.0005,0.0005,out/vs3_n2_dt0p01_T160pi_K32_sweep_full20/gauss_sigma1p000/a8p000_K32_tmax502p655_VsER3p000_VlER3p000
progress,vs3_n2_dt0p01_T160pi_K32_sweep_full20,vs3_n2_dt0p01_T160pi_K32_sweep_full20/gauss_sigma1p250,legacy_prb_3_3_n2_pathpad_K32_dt0p0005_gauss_sigma1p250,legacy_prb_3_3_n2_pathpad_K32_dt0p0005_gauss_sigma1p250,legacy_prb_3_3_n2_gaussian_pair,2,32,256,fixed,0.00050000000000000001,20750,1005310,2.0640399478767746,3.0896631379869444,0.5360379420121928,146.60042116320125,0.0005,0.0005,out/vs3_n2_dt0p01_T160pi_K32_sweep_full20/gauss_sigma1p250/a8p000_K32_tmax502p655_VsER3p000_VlER3p000
progress,vs3_n2_dt0p01_T160pi_K32_sweep_full20,vs3_n2_dt0p01_T160pi_K32_sweep_full20/gauss_sigma1p500,legacy_prb_3_3_n2_pathpad_K32_dt0p0005_gauss_sigma1p500,legacy_prb_3_3_n2_pathpad_K32_dt0p0005_gauss_sigma1p500,legacy_prb_3_3_n2_gaussian_pair,2,32,256,fixed,0.00050000000000000001,14250,1005310,1.41747321721658,3.0856993999797226,0.7795451115738247,214.60443841009854,0.0005,0.0005,out/vs3_n2_dt0p01_T160pi_K32_sweep_full20/gauss_sigma1p500/a8p000_K32_tmax502p655_VsER3p000_VlER3p000
progress,vs3_n2_dt0p01_T160pi_K32_sweep_full20,vs3_n2_dt0p01_T160pi_K32_sweep_full20/gauss_sigma2p000,legacy_prb_3_3_n2_pathpad_K32_dt0p0005_gauss_sigma2p000,legacy_prb_3_3_n2_pathpad_K32_dt0p0005_gauss_sigma2p000,legacy_prb_3_3_n2_gaussian_pair,2,32,256,fixed,0.00050000000000000001,16500,1005310,1.641284777829724,3.0901766428330553,0.674220358436303,185.18773128483355,0.0005,0.0005,out/vs3_n2_dt0p01_T160pi_K32_sweep_full20/gauss_sigma2p000/a8p000_K32_tmax502p655_VsER3p000_VlER3p000
progress,vs3_n2_dt0p01_T160pi_K32_sweep_full20,vs3_n2_dt0p01_T160pi_K32_sweep_full20/gauss_sigma3p000,legacy_prb_3_3_n2_pathpad_K32_dt0p0005_gauss_sigma3p000,legacy_prb_3_3_n2_pathpad_K32_dt0p0005_gauss_sigma3p000,legacy_prb_3_3_n2_gaussian_pair,2,32,256,fixed,0.00050000000000000001,13500,1005310,1.3428693636788651,3.0788617505975,0.8210298001593334,226.1959905822301,0.0005,0.0005,out/vs3_n2_dt0p01_T160pi_K32_sweep_full20/gauss_sigma3p000/a8p000_K32_tmax502p655_VsER3p000_VlER3p000
progress,vs3_n2_dt0p01_T160pi_K32_sweep_full20_repeat,vs3_n2_dt0p01_T160pi_K32_sweep_full20_repeat/free,legacy_prb_3_3_n2_pathpad_K32_dt0p0005_repeat_free,legacy_prb_3_3_n2_pathpad_K32_dt0p0005_repeat_free,legacy_prb_3_3_n2_free_cosine,2,32,160,fixed,0.00050000000000000001,14250,1005310,1.41747321721658,1.07178173533,0.2707659120833684,74.5403513414842,0.0005,0.0005,out/vs3_n2_dt0p01_T160pi_K32_sweep_full20_repeat/free/a8p000_K32_tmax502p655_VsER3p000_VlER3p000
progress,vs3_n2_dt0p01_T160pi_K32_sweep_full20_repeat,vs3_n2_dt0p01_T160pi_K32_sweep_full20_repeat/gauss_sigma0p500,legacy_prb_3_3_n2_pathpad_K32_dt0p0005_repeat_gauss_sigma0p500,legacy_prb_3_3_n2_pathpad_K32_dt0p0005_repeat_gauss_sigma0p500,legacy_prb_3_3_n2_gaussian_pair,2,32,256,fixed,0.00050000000000000001,7250,1005310,0.7211705841979091,1.0688942230958334,0.5307612693993103,147.147664593521,0.0005,0.0005,out/vs3_n2_dt0p01_T160pi_K32_sweep_full20_repeat/gauss_sigma0p500/a8p000_K32_tmax502p655_VsER3p000_VlER3p000
progress,vs3_n2_dt0p01_T160pi_K32_sweep_full20_repeat,vs3_n2_dt0p01_T160pi_K32_sweep_full20_repeat/gauss_sigma0p750,legacy_prb_3_3_n2_pathpad_K32_dt0p0005_repeat_gauss_sigma0p750,legacy_prb_3_3_n2_pathpad_K32_dt0p0005_repeat_gauss_sigma0p750,legacy_prb_3_3_n2_gaussian_pair,2,32,256,fixed,0.00050000000000000001,5000,1005310,0.49735902358476486,1.0363178936422222,0.7461488834224,207.32783043785028,0.0005,0.0005,out/vs3_n2_dt0p01_T160pi_K32_sweep_full20_repeat/gauss_sigma0p750/a8p000_K32_tmax502p655_VsER3p000_VlER3p000
progress,vs3_n2_dt0p01_T160pi_K32_sweep_full20_repeat,vs3_n2_dt0p01_T160pi_K32_sweep_full20_repeat/gauss_sigma1p000,legacy_prb_3_3_n2_pathpad_K32_dt0p0005_repeat_gauss_sigma1p000,legacy_prb_3_3_n2_pathpad_K32_dt0p0005_repeat_gauss_sigma1p000,legacy_prb_3_3_n2_gaussian_pair,2,32,256,fixed,0.00050000000000000001,6750,1005310,0.6714346818394326,1.04190394452,0.555682103744,154.13386708739125,0.0005,0.0005,out/vs3_n2_dt0p01_T160pi_K32_sweep_full20_repeat/gauss_sigma1p000/a8p000_K32_tmax502p655_VsER3p000_VlER3p000
progress,vs3_n2_dt0p01_T160pi_K32_sweep_full20_repeat,vs3_n2_dt0p01_T160pi_K32_sweep_full20_repeat/gauss_sigma1p250,legacy_prb_3_3_n2_pathpad_K32_dt0p0005_repeat_gauss_sigma1p250,legacy_prb_3_3_n2_pathpad_K32_dt0p0005_repeat_gauss_sigma1p250,legacy_prb_3_3_n2_gaussian_pair,2,32,256,fixed,0.00050000000000000001,6500,1005310,0.6465667306601944,1.0194049551888889,0.564593513643077,156.64490204495604,0.0005,0.0005,out/vs3_n2_dt0p01_T160pi_K32_sweep_full20_repeat/gauss_sigma1p250/a8p000_K32_tmax502p655_VsER3p000_VlER3p000
progress,vs3_n2_dt0p01_T160pi_K32_sweep_full20_repeat,vs3_n2_dt0p01_T160pi_K32_sweep_full20_repeat/gauss_sigma1p500,legacy_prb_3_3_n2_pathpad_K32_dt0p0005_repeat_gauss_sigma1p500,legacy_prb_3_3_n2_pathpad_K32_dt0p0005_repeat_gauss_sigma1p500,legacy_prb_3_3_n2_gaussian_pair,2,32,256,fixed,0.00050000000000000001,5250,1005310,0.5222269747640031,1.0063145336947221,0.690044251676381,191.69045953652267,0.0005,0.0005,out/vs3_n2_dt0p01_T160pi_K32_sweep_full20_repeat/gauss_sigma1p500/a8p000_K32_tmax502p655_VsER3p000_VlER3p000
progress,vs3_n2_dt0p01_T160pi_K32_sweep_full20_repeat,vs3_n2_dt0p01_T160pi_K32_sweep_full20_repeat/gauss_sigma2p000,legacy_prb_3_3_n2_pathpad_K32_dt0p0005_repeat_gauss_sigma2p000,legacy_prb_3_3_n2_pathpad_K32_dt0p0005_repeat_gauss_sigma2p000,legacy_prb_3_3_n2_gaussian_pair,2,32,256,fixed,0.00050000000000000001,5500,1005310,0.5470949259432414,0.9772518060805555,0.6396557276163636,177.64838695225458,0.0005,0.0005,out/vs3_n2_dt0p01_T160pi_K32_sweep_full20_repeat/gauss_sigma2p000/a8p000_K32_tmax502p655_VsER3p000_VlER3p000
progress,vs3_n2_dt0p01_T160pi_K32_sweep_full20_repeat,vs3_n2_dt0p01_T160pi_K32_sweep_full20_repeat/gauss_sigma3p000,legacy_prb_3_3_n2_pathpad_K32_dt0p0005_repeat_gauss_sigma3p000,legacy_prb_3_3_n2_pathpad_K32_dt0p0005_repeat_gauss_sigma3p000,legacy_prb_3_3_n2_gaussian_pair,2,32,256,fixed,0.00050000000000000001,5250,1005310,0.5222269747640031,0.9744472254752778,0.6681923831830476,185.62013186834406,0.0005,0.0005,out/vs3_n2_dt0p01_T160pi_K32_sweep_full20_repeat/gauss_sigma3p000/a8p000_K32_tmax502p655_VsER3p000_VlER3p000
progress,vs3_n2_dt0p01_T160pi_K32_sweep_staged,vs3_n2_dt0p01_T160pi_K32_sweep_staged/free,legacy_prb_3_3_n2_pathpad_K32_dt0p01_staged_free,legacy_prb_3_3_n2_pathpad_K32_dt0p01_staged_free,legacy_prb_3_3_n2_free_cosine,2,32,160,manual_fine_schedule,0.01,212500,277470,76.58485602047068,5.5202019610286115,0.09351871557507294,1.6877530419201356,0.0005,0.0005,out/vs3_n2_dt0p01_T160pi_K32_sweep_staged/free/a8p000_K32_tmax502p655_VsER3p000_VlER3p000
progress,vs3_n2_dt0p01_T160pi_K32_sweep_staged,vs3_n2_dt0p01_T160pi_K32_sweep_staged/gauss_sigma0p500,legacy_prb_3_3_n2_pathpad_K32_dt0p01_staged_gauss_sigma0p500,legacy_prb_3_3_n2_pathpad_K32_dt0p01_staged_gauss_sigma0p500,legacy_prb_3_3_n2_gaussian_pair,2,32,256,manual_fine_schedule,0.01,92250,277470,33.246837495945506,5.519887254776111,0.21541023433272627,11.082856556418765,0.0005,0.0005,out/vs3_n2_dt0p01_T160pi_K32_sweep_staged/gauss_sigma0p500/a8p000_K32_tmax502p655_VsER3p000_VlER3p000
progress,vs3_n2_dt0p01_T160pi_K32_sweep_staged,vs3_n2_dt0p01_T160pi_K32_sweep_staged/gauss_sigma0p750,legacy_prb_3_3_n2_pathpad_K32_dt0p01_staged_gauss_sigma0p750,legacy_prb_3_3_n2_pathpad_K32_dt0p01_staged_gauss_sigma0p750,legacy_prb_3_3_n2_gaussian_pair,2,32,256,manual_fine_schedule,0.01,90500,277470,32.61613868165928,5.511074048043611,0.21922504500504972,11.385696295720596,0.0005,0.0005,out/vs3_n2_dt0p01_T160pi_K32_sweep_staged/gauss_sigma0p750/a8p000_K32_tmax502p655_VsER3p000_VlER3p000
progress,vs3_n2_dt0p01_T160pi_K32_sweep_staged,vs3_n2_dt0p01_T160pi_K32_sweep_staged/gauss_sigma1p000,legacy_prb_3_3_n2_pathpad_K32_dt0p01_staged_gauss_sigma1p000,legacy_prb_3_3_n2_pathpad_K32_dt0p01_staged_gauss_sigma1p000,legacy_prb_3_3_n2_gaussian_pair,2,32,256,manual_fine_schedule,0.01,91750,277470,33.06663783472087,5.505908543856667,0.21603564858729157,11.14503907100883,0.0005,0.0005,out/vs3_n2_dt0p01_T160pi_K32_sweep_staged/gauss_sigma1p000/a8p000_K32_tmax502p655_VsER3p000_VlER3p000
progress,vs3_n2_dt0p01_T160pi_K32_sweep_staged,vs3_n2_dt0p01_T160pi_K32_sweep_staged/gauss_sigma1p250,legacy_prb_3_3_n2_pathpad_K32_dt0p01_staged_gauss_sigma1p250,legacy_prb_3_3_n2_pathpad_K32_dt0p01_staged_gauss_sigma1p250,legacy_prb_3_3_n2_gaussian_pair,2,32,256,manual_fine_schedule,0.01,95250,277470,34.328035463293325,5.513493479944723,0.20838400554121786,10.547703747144643,0.0005,0.0005,out/vs3_n2_dt0p01_T160pi_K32_sweep_staged/gauss_sigma1p250/a8p000_K32_tmax502p655_VsER3p000_VlER3p000
progress,vs3_n2_dt0p01_T160pi_K32_sweep_staged,vs3_n2_dt0p01_T160pi_K32_sweep_staged/gauss_sigma1p500,legacy_prb_3_3_n2_pathpad_K32_dt0p01_staged_gauss_sigma1p500,legacy_prb_3_3_n2_pathpad_K32_dt0p01_staged_gauss_sigma1p500,legacy_prb_3_3_n2_gaussian_pair,2,32,256,manual_fine_schedule,0.01,92000,277470,33.15673766533319,5.5127357171475,0.2157157454535978,11.113555363688553,0.0005,0.0005,out/vs3_n2_dt0p01_T160pi_K32_sweep_staged/gauss_sigma1p500/a8p000_K32_tmax502p655_VsER3p000_VlER3p000
progress,vs3_n2_dt0p01_T160pi_K32_sweep_staged,vs3_n2_dt0p01_T160pi_K32_sweep_staged/gauss_sigma2p000,legacy_prb_3_3_n2_pathpad_K32_dt0p01_staged_gauss_sigma2p000,legacy_prb_3_3_n2_pathpad_K32_dt0p01_staged_gauss_sigma2p000,legacy_prb_3_3_n2_gaussian_pair,2,32,256,manual_fine_schedule,0.01,90250,277470,32.52603885104696,5.514559543751667,0.21997135022167313,11.439732274583791,0.0005,0.0005,out/vs3_n2_dt0p01_T160pi_K32_sweep_staged/gauss_sigma2p000/a8p000_K32_tmax502p655_VsER3p000_VlER3p000
progress,vs3_n2_dt0p01_T160pi_K32_sweep_staged,vs3_n2_dt0p01_T160pi_K32_sweep_staged/gauss_sigma3p000,legacy_prb_3_3_n2_pathpad_K32_dt0p01_staged_gauss_sigma3p000,legacy_prb_3_3_n2_pathpad_K32_dt0p01_staged_gauss_sigma3p000,legacy_prb_3_3_n2_gaussian_pair,2,32,256,manual_fine_schedule,0.01,92500,277470,33.33693732655782,5.5062076163225,0.2142956477703892,11.010629435580247,0.0005,0.0005,out/vs3_n2_dt0p01_T160pi_K32_sweep_staged/gauss_sigma3p000/a8p000_K32_tmax502p655_VsER3p000_VlER3p000
done,tmp/n1_vs3_100step_20260708,tmp/n1_vs3_100step_20260708/out,legacy_prb_3_3_n1_tmp100,legacy_prb_tmp100,legacy_prb_cosine,1,16,48,fixed,0.002,100,100,100.0,0.0014396503466666667,0.05182741248,0.0,0.001999999999999863,0.002,tmp/n1_vs3_100step_20260708/out/a8p000_K16_tmax0p200_VsER3p000_VlER3p000
